Index,Category,Relev_typ,Rev_typ,Q1_screen1,Q1_options,Q1_answer,Q2_screen1,Q2_options,Q2_answer_Simple,Q2_answer_Complex,Q3_screen1,Q3_options,Q3_answer_Relevant,Q3_answer_Irrelevant,Q4_screen2,Q4_options,Q4_answer,Q5_screen3,Q5_options,Q5_answer
0,Xenobiology in Threa-4,Totality,Topology,"In the original proposal, as it gets colder, Zorblax heat output is expected to…",Rise | Fall | Stay the same,Rise,"According to the briefing, on Threa-4, identical conditions…",Reliably produce nearly identical responses | Can produce substantially different responses,Reliably produce nearly identical responses,Can produce substantially different responses,"For this heating plan, what matters most?",Each outpost's heat output on each cold day | Total heat output over weeks,Each outpost's heat output on each cold day,Total heat output over weeks,What did the engineers observe during the first cold-weather trial?,"Heat output rose steadily as it got colder | On several of the coldest days, the colony produced less heat than on nearby cooler days | Heat output stayed the same regardless of temperature","On several of the coldest days, the colony produced less heat than on nearby cooler days","According to Dr. Aren's reply, why was heat output unexpectedly low on those days?","The extreme cold triggered a synchronized recovery phase that cut the colony's output | Something unrelated to temperature happened to lower output on those days | Colder air actually holds less threane, so the Zorblax absorb less",The extreme cold triggered a synchronized recovery phase that cut the colony's output
1,Xenobiology in Threa-4,Totality,Variable_adding,"In the original proposal, as it gets colder, Zorblax heat output is expected to…",Rise | Fall | Stay the same,Rise,"According to the briefing, on Threa-4, identical conditions…",Reliably produce nearly identical responses | Can produce substantially different responses,Reliably produce nearly identical responses,Can produce substantially different responses,"For this heating plan, what matters most?",Each outpost's heat output on each cold day | Total heat output over weeks,Each outpost's heat output on each cold day,Total heat output over weeks,What did the engineers observe during the first cold-weather trial?,"Heat output rose steadily as it got colder | On several days, the colony produced less heat than on other days with similar temperatures | Heat output stayed the same regardless of temperature","On several days, the colony produced less heat than on other days with similar temperatures","According to Dr. Aren's reply, why was heat output unexpectedly low on those days?","Dust from the geysers, which erupt regardless of temperature, blocked threane uptake | The cold itself set off a process in the colony that lowered output | Colder air actually holds less threane, so the Zorblax absorb less","Dust from the geysers, which erupt regardless of temperature, blocked threane uptake"
2,Xenobiology in Threa-4,Reversibility,Topology,"In the original proposal, as it gets colder, Zorblax heat output is expected to…",Rise | Fall | Stay the same,Rise,"According to the briefing, on Threa-4, identical conditions…",Reliably produce nearly identical responses | Can produce substantially different responses,Reliably produce nearly identical responses,Can produce substantially different responses,"If the heating system chosen turns out to underperform, what happens?",It cannot be replaced without rebuilding the outposts | It can be swapped for a different system within a day at little cost,It cannot be replaced without rebuilding the outposts,It can be swapped for a different system within a day at little cost,What did the engineers observe during the first cold-weather trial?,"Heat output rose steadily as it got colder | On several of the coldest days, the colony produced less heat than on nearby cooler days | Heat output stayed the same regardless of temperature","On several of the coldest days, the colony produced less heat than on nearby cooler days","According to Dr. Aren's reply, why was heat output unexpectedly low on those days?","The extreme cold triggered a synchronized recovery phase that cut the colony's output | Something unrelated to temperature happened to lower output on those days | Colder air actually holds less threane, so the Zorblax absorb less",The extreme cold triggered a synchronized recovery phase that cut the colony's output
3,Xenobiology in Threa-4,Reversibility,Variable_adding,"In the original proposal, as it gets colder, Zorblax heat output is expected to…",Rise | Fall | Stay the same,Rise,"According to the briefing, on Threa-4, identical conditions…",Reliably produce nearly identical responses | Can produce substantially different responses,Reliably produce nearly identical responses,Can produce substantially different responses,"If the heating system chosen turns out to underperform, what happens?",It cannot be replaced without rebuilding the outposts | It can be swapped for a different system within a day at little cost,It cannot be replaced without rebuilding the outposts,It can be swapped for a different system within a day at little cost,What did the engineers observe during the first cold-weather trial?,"Heat output rose steadily as it got colder | On several days, the colony produced less heat than on other days with similar temperatures | Heat output stayed the same regardless of temperature","On several days, the colony produced less heat than on other days with similar temperatures","According to Dr. Aren's reply, why was heat output unexpectedly low on those days?","Dust from the geysers, which erupt regardless of temperature, blocked threane uptake | The cold itself set off a process in the colony that lowered output | Colder air actually holds less threane, so the Zorblax absorb less","Dust from the geysers, which erupt regardless of temperature, blocked threane uptake"
4,Pharmacology: Mivacin,Totality,Topology,"In the original proposal, as the dose goes up, relief from fatigue is expected to…",Increase | Decrease | Stay the same,Increase,"According to the briefing, for the fungal compounds used on Velun-9, identical conditions…",Reliably produce nearly identical responses | Can produce substantially different responses,Reliably produce nearly identical responses,Can produce substantially different responses,"For this treatment plan, what matters most?",How well each crew member's own dose works | The treatment's average benefit across the whole crew,How well each crew member's own dose works,The treatment's average benefit across the whole crew,What did the doctors observe during the first month of the trial?,"Relief rose steadily with the dose | For several crew members on the highest doses, relief was weaker than for those on moderate doses | Relief was the same at every dose","For several crew members on the highest doses, relief was weaker than for those on moderate doses","According to Dr. Osei's reply, why was relief unexpectedly weak?",The highest doses triggered a strong drop in receptor sensitivity that offset the extra benefit | Something unrelated to the dose happened to weaken relief at those times | Higher doses actually lower the brain's fatigue threshold,The highest doses triggered a strong drop in receptor sensitivity that offset the extra benefit
5,Pharmacology: Mivacin,Totality,Variable_adding,"In the original proposal, as the dose goes up, relief from fatigue is expected to…",Increase | Decrease | Stay the same,Increase,"According to the briefing, for the fungal compounds used on Velun-9, identical conditions…",Reliably produce nearly identical responses | Can produce substantially different responses,Reliably produce nearly identical responses,Can produce substantially different responses,"For this treatment plan, what matters most?",How well each crew member's own dose works | The treatment's average benefit across the whole crew,How well each crew member's own dose works,The treatment's average benefit across the whole crew,What did the doctors observe during the first month of the trial?,"Relief rose steadily with the dose | On several days, crew members reported weaker relief than on other days at the same dose | Relief was the same at every dose","On several days, crew members reported weaker relief than on other days at the same dose","According to Dr. Osei's reply, why was relief unexpectedly weak?","Some batches of the algae meals, served regardless of dose, bound the drug in the gut | The dose itself set off a process in the brain that weakened relief | Higher doses actually lower the brain's fatigue threshold","Some batches of the algae meals, served regardless of dose, bound the drug in the gut"
6,Pharmacology: Mivacin,Reversibility,Topology,"In the original proposal, as the dose goes up, relief from fatigue is expected to…",Increase | Decrease | Stay the same,Increase,"According to the briefing, for the fungal compounds used on Velun-9, identical conditions…",Reliably produce nearly identical responses | Can produce substantially different responses,Reliably produce nearly identical responses,Can produce substantially different responses,"If the treatment chosen turns out to underperform, what happens?",Alternatives would take months to restock | Crew can be switched to another treatment the same day at little cost,Alternatives would take months to restock,Crew can be switched to another treatment the same day at little cost,What did the doctors observe during the first month of the trial?,"Relief rose steadily with the dose | For several crew members on the highest doses, relief was weaker than for those on moderate doses | Relief was the same at every dose","For several crew members on the highest doses, relief was weaker than for those on moderate doses","According to Dr. Osei's reply, why was relief unexpectedly weak?",The highest doses triggered a strong drop in receptor sensitivity that offset the extra benefit | Something unrelated to the dose happened to weaken relief at those times | Higher doses actually lower the brain's fatigue threshold,The highest doses triggered a strong drop in receptor sensitivity that offset the extra benefit
7,Pharmacology: Mivacin,Reversibility,Variable_adding,"In the original proposal, as the dose goes up, relief from fatigue is expected to…",Increase | Decrease | Stay the same,Increase,"According to the briefing, for the fungal compounds used on Velun-9, identical conditions…",Reliably produce nearly identical responses | Can produce substantially different responses,Reliably produce nearly identical responses,Can produce substantially different responses,"If the treatment chosen turns out to underperform, what happens?",Alternatives would take months to restock | Crew can be switched to another treatment the same day at little cost,Alternatives would take months to restock,Crew can be switched to another treatment the same day at little cost,What did the doctors observe during the first month of the trial?,"Relief rose steadily with the dose | On several days, crew members reported weaker relief than on other days at the same dose | Relief was the same at every dose","On several days, crew members reported weaker relief than on other days at the same dose","According to Dr. Osei's reply, why was relief unexpectedly weak?","Some batches of the algae meals, served regardless of dose, bound the drug in the gut | The dose itself set off a process in the brain that weakened relief | Higher doses actually lower the brain's fatigue threshold","Some batches of the algae meals, served regardless of dose, bound the drug in the gut"
8,Crop Yield: Vorath,Totality,Topology,"In the original proposal, as more Vorath are planted in a field, the field's yield is expected to…",Rise | Fall | Stay the same,Rise,"According to the briefing, for Soren-3's plants, identical conditions…",Reliably produce nearly identical yields | Can produce substantially different yields,Reliably produce nearly identical yields,Can produce substantially different yields,"For this farming plan, what matters most?",The harvest from each family's own plot | The total harvest over the years,The harvest from each family's own plot,The total harvest over the years,What did the farmers observe during the first growing season?,"Yield rose steadily with planting density | On several of the most densely planted fields, the harvest was smaller than on nearby fields planted at moderate density | Yield was the same in every field","On several of the most densely planted fields, the harvest was smaller than on nearby fields planted at moderate density","According to Dr. Lena's reply, why was yield unexpectedly low on those fields?",The densest planting caused a strong build-up of acidity that broke down the sorite | Something unrelated to planting density happened to lower yield in those fields | Vorath actually grows without drawing sorite from the soil,The densest planting caused a strong build-up of acidity that broke down the sorite
9,Crop Yield: Vorath,Totality,Variable_adding,"In the original proposal, as more Vorath are planted in a field, the field's yield is expected to…",Rise | Fall | Stay the same,Rise,"According to the briefing, for Soren-3's plants, identical conditions…",Reliably produce nearly identical yields | Can produce substantially different yields,Reliably produce nearly identical yields,Can produce substantially different yields,"For this farming plan, what matters most?",The harvest from each family's own plot | The total harvest over the years,The harvest from each family's own plot,The total harvest over the years,What did the farmers observe during the first growing season?,"Yield rose steadily with planting density | On several fields, the harvest was smaller than on nearby fields planted at the same density | Yield was the same in every field","On several fields, the harvest was smaller than on nearby fields planted at the same density","According to Dr. Lena's reply, why was yield unexpectedly low on those fields?","Buried salt layers, found regardless of planting density, blocked sorite uptake | Planting density itself set off a process in the soil that lowered yield | Vorath actually grows without drawing sorite from the soil","Buried salt layers, found regardless of planting density, blocked sorite uptake"
10,Crop Yield: Vorath,Reversibility,Topology,"In the original proposal, as more Vorath are planted in a field, the field's yield is expected to…",Rise | Fall | Stay the same,Rise,"According to the briefing, for Soren-3's plants, identical conditions…",Reliably produce nearly identical yields | Can produce substantially different yields,Reliably produce nearly identical yields,Can produce substantially different yields,"If the crop chosen turns out to underperform, what happens?",Switching crops would take years of restoring the land | The fields can be replanted with a different crop within a season at little cost,Switching crops would take years of restoring the land,The fields can be replanted with a different crop within a season at little cost,What did the farmers observe during the first growing season?,"Yield rose steadily with planting density | On several of the most densely planted fields, the harvest was smaller than on nearby fields planted at moderate density | Yield was the same in every field","On several of the most densely planted fields, the harvest was smaller than on nearby fields planted at moderate density","According to Dr. Lena's reply, why was yield unexpectedly low on those fields?",The densest planting caused a strong build-up of acidity that broke down the sorite | Something unrelated to planting density happened to lower yield in those fields | Vorath actually grows without drawing sorite from the soil,The densest planting caused a strong build-up of acidity that broke down the sorite
11,Crop Yield: Vorath,Reversibility,Variable_adding,"In the original proposal, as more Vorath are planted in a field, the field's yield is expected to…",Rise | Fall | Stay the same,Rise,"According to the briefing, for Soren-3's plants, identical conditions…",Reliably produce nearly identical yields | Can produce substantially different yields,Reliably produce nearly identical yields,Can produce substantially different yields,"If the crop chosen turns out to underperform, what happens?",Switching crops would take years of restoring the land | The fields can be replanted with a different crop within a season at little cost,Switching crops would take years of restoring the land,The fields can be replanted with a different crop within a season at little cost,What did the farmers observe during the first growing season?,"Yield rose steadily with planting density | On several fields, the harvest was smaller than on nearby fields planted at the same density | Yield was the same in every field","On several fields, the harvest was smaller than on nearby fields planted at the same density","According to Dr. Lena's reply, why was yield unexpectedly low on those fields?","Buried salt layers, found regardless of planting density, blocked sorite uptake | Planting density itself set off a process in the soil that lowered yield | Vorath actually grows without drawing sorite from the soil","Buried salt layers, found regardless of planting density, blocked sorite uptake"
12,Construction Material: Crelite,Totality,Topology,"In the original proposal, as temperature rises, Crelite's strength is expected to…",Rise | Fall | Stay the same,Rise,"According to the briefing, for Moran-2's materials, identical conditions…",Reliably produce nearly identical strength | Can produce substantially different strength,Reliably produce nearly identical strength,Can produce substantially different strength,"For this building plan, what matters most?",The material's strength on each day | The material's average strength over the years,The material's strength on each day,The material's average strength over the years,What did the engineers observe during the first month of testing?,"Strength rose steadily with temperature | On several of the hottest days, strength was lower than on nearby milder days | Strength never changed","On several of the hottest days, strength was lower than on nearby milder days","According to Dr. Pell's reply, why was Crelite's strength unexpectedly low?","On the hottest days, the strong tightening of its bonds caused fine cracks inside the material | Something unrelated to temperature happened to weaken the material on those days | Warmer air actually loosens Crelite's bonds","On the hottest days, the strong tightening of its bonds caused fine cracks inside the material"
13,Construction Material: Crelite,Totality,Variable_adding,"In the original proposal, as temperature rises, Crelite's strength is expected to…",Rise | Fall | Stay the same,Rise,"According to the briefing, for Moran-2's materials, identical conditions…",Reliably produce nearly identical strength | Can produce substantially different strength,Reliably produce nearly identical strength,Can produce substantially different strength,"For this building plan, what matters most?",The material's strength on each day | The material's average strength over the years,The material's strength on each day,The material's average strength over the years,What did the engineers observe during the first month of testing?,"Strength rose steadily with temperature | On several days, strength fell well below readings taken at similar temperatures days earlier | Strength never changed","On several days, strength fell well below readings taken at similar temperatures days earlier","According to Dr. Pell's reply, why was Crelite's strength unexpectedly low?","Rapid humidity swings, which come and go regardless of temperature, loosened its structure | The heat itself set off a process in the material that weakened it | Warmer air actually loosens Crelite's bonds","Rapid humidity swings, which come and go regardless of temperature, loosened its structure"
14,Construction Material: Crelite,Reversibility,Topology,"In the original proposal, as temperature rises, Crelite's strength is expected to…",Rise | Fall | Stay the same,Rise,"According to the briefing, for Moran-2's materials, identical conditions…",Reliably produce nearly identical strength | Can produce substantially different strength,Reliably produce nearly identical strength,Can produce substantially different strength,"If the material chosen turns out to underperform, what happens?",The structures cannot be replaced without tearing them down | Parts can be swapped for another material within a day at little cost,The structures cannot be replaced without tearing them down,Parts can be swapped for another material within a day at little cost,What did the engineers observe during the first month of testing?,"Strength rose steadily with temperature | On several of the hottest days, strength was lower than on nearby milder days | Strength never changed","On several of the hottest days, strength was lower than on nearby milder days","According to Dr. Pell's reply, why was Crelite's strength unexpectedly low?","On the hottest days, the strong tightening of its bonds caused fine cracks inside the material | Something unrelated to temperature happened to weaken the material on those days | Warmer air actually loosens Crelite's bonds","On the hottest days, the strong tightening of its bonds caused fine cracks inside the material"
15,Construction Material: Crelite,Reversibility,Variable_adding,"In the original proposal, as temperature rises, Crelite's strength is expected to…",Rise | Fall | Stay the same,Rise,"According to the briefing, for Moran-2's materials, identical conditions…",Reliably produce nearly identical strength | Can produce substantially different strength,Reliably produce nearly identical strength,Can produce substantially different strength,"If the material chosen turns out to underperform, what happens?",The structures cannot be replaced without tearing them down | Parts can be swapped for another material within a day at little cost,The structures cannot be replaced without tearing them down,Parts can be swapped for another material within a day at little cost,What did the engineers observe during the first month of testing?,"Strength rose steadily with temperature | On several days, strength fell well below readings taken at similar temperatures days earlier | Strength never changed","On several days, strength fell well below readings taken at similar temperatures days earlier","According to Dr. Pell's reply, why was Crelite's strength unexpectedly low?","Rapid humidity swings, which come and go regardless of temperature, loosened its structure | The heat itself set off a process in the material that weakened it | Warmer air actually loosens Crelite's bonds","Rapid humidity swings, which come and go regardless of temperature, loosened its structure"
16,Water Supply: Velan,Totality,Topology,"In the original proposal, as rainfall increases, flow at the wells is expected to…",Rise | Fall | Stay the same,Rise,"According to the briefing, for Keth-7's underground liquid, identical conditions…",Reliably produce nearly identical flow | Can produce substantially different flow,Reliably produce nearly identical flow,Can produce substantially different flow,"For this water plan, what matters most?",Each well's flow on each day | Total flow over the year,Each well's flow on each day,Total flow over the year,What did the engineers observe during the first rainy season?,"Flow rose steadily with rainfall | After several of the heaviest downpours, the wells produced less than after nearby moderate rains | Flow never changed","After several of the heaviest downpours, the wells produced less than after nearby moderate rains","According to Dr. Saan's reply, why was flow unexpectedly low?",The heaviest downpours washed silt into the rock that clogged the channels feeding the wells | Something unrelated to rainfall happened to lower flow at those times | Rain actually drains Velan out of the underground reserves,The heaviest downpours washed silt into the rock that clogged the channels feeding the wells
17,Water Supply: Velan,Totality,Variable_adding,"In the original proposal, as rainfall increases, flow at the wells is expected to…",Rise | Fall | Stay the same,Rise,"According to the briefing, for Keth-7's underground liquid, identical conditions…",Reliably produce nearly identical flow | Can produce substantially different flow,Reliably produce nearly identical flow,Can produce substantially different flow,"For this water plan, what matters most?",Each well's flow on each day | Total flow over the year,Each well's flow on each day,Total flow over the year,What did the engineers observe during the first rainy season?,"Flow rose steadily with rainfall | During several periods of normal or above-average rain, the wells produced far less than in nearby periods with similar rain | Flow never changed","During several periods of normal or above-average rain, the wells produced far less than in nearby periods with similar rain","According to Dr. Saan's reply, why was flow unexpectedly low?","Deep-rock pressure cycles, which run regardless of rainfall, drew Velan away from the shallow wells | The rain itself set off a process underground that lowered flow | Rain actually drains Velan out of the underground reserves","Deep-rock pressure cycles, which run regardless of rainfall, drew Velan away from the shallow wells"
18,Water Supply: Velan,Reversibility,Topology,"In the original proposal, as rainfall increases, flow at the wells is expected to…",Rise | Fall | Stay the same,Rise,"According to the briefing, for Keth-7's underground liquid, identical conditions…",Reliably produce nearly identical flow | Can produce substantially different flow,Reliably produce nearly identical flow,Can produce substantially different flow,"If the water source chosen turns out to underperform, what happens?",The network cannot be moved without years of work | The colony can switch to another source within a day at little cost,The network cannot be moved without years of work,The colony can switch to another source within a day at little cost,What did the engineers observe during the first rainy season?,"Flow rose steadily with rainfall | After several of the heaviest downpours, the wells produced less than after nearby moderate rains | Flow never changed","After several of the heaviest downpours, the wells produced less than after nearby moderate rains","According to Dr. Saan's reply, why was flow unexpectedly low?",The heaviest downpours washed silt into the rock that clogged the channels feeding the wells | Something unrelated to rainfall happened to lower flow at those times | Rain actually drains Velan out of the underground reserves,The heaviest downpours washed silt into the rock that clogged the channels feeding the wells
19,Water Supply: Velan,Reversibility,Variable_adding,"In the original proposal, as rainfall increases, flow at the wells is expected to…",Rise | Fall | Stay the same,Rise,"According to the briefing, for Keth-7's underground liquid, identical conditions…",Reliably produce nearly identical flow | Can produce substantially different flow,Reliably produce nearly identical flow,Can produce substantially different flow,"If the water source chosen turns out to underperform, what happens?",The network cannot be moved without years of work | The colony can switch to another source within a day at little cost,The network cannot be moved without years of work,The colony can switch to another source within a day at little cost,What did the engineers observe during the first rainy season?,"Flow rose steadily with rainfall | During several periods of normal or above-average rain, the wells produced far less than in nearby periods with similar rain | Flow never changed","During several periods of normal or above-average rain, the wells produced far less than in nearby periods with similar rain","According to Dr. Saan's reply, why was flow unexpectedly low?","Deep-rock pressure cycles, which run regardless of rainfall, drew Velan away from the shallow wells | The rain itself set off a process underground that lowered flow | Rain actually drains Velan out of the underground reserves","Deep-rock pressure cycles, which run regardless of rainfall, drew Velan away from the shallow wells"
20,Collective Resource Allocation: Velori,Totality,Topology,"In the original proposal, as a resource becomes scarcer, it is expected to be…",Held by fewer units | Spread more evenly across units | Shared the same way regardless,Held by fewer units,"According to the briefing, for Velori groups, identical conditions…",Reliably produce nearly identical sharing patterns | Can produce substantially different sharing patterns,Reliably produce nearly identical sharing patterns,Can produce substantially different sharing patterns,"For this exchange plan, what matters most?",Which specific units hold the resources | The total the Velori can supply over the years,Which specific units hold the resources,The total the Velori can supply over the years,What did the mission team observe in the first round of observations?,"Concentration followed scarcity exactly | For several of the scarcest resources, holdings were spread more evenly than for moderately scarce ones | Every resource was spread evenly","For several of the scarcest resources, holdings were spread more evenly than for moderately scarce ones","According to Dr. Marsh's reply, why did sharing not follow scarcity?","Extreme scarcity triggered a redistribution ceremony that spread the resource back out | Something unrelated to scarcity happened to change how the resource was shared | The Velori actually share resources at random, regardless of scarcity",Extreme scarcity triggered a redistribution ceremony that spread the resource back out
21,Collective Resource Allocation: Velori,Totality,Variable_adding,"In the original proposal, as a resource becomes scarcer, it is expected to be…",Held by fewer units | Spread more evenly across units | Shared the same way regardless,Held by fewer units,"According to the briefing, for Velori groups, identical conditions…",Reliably produce nearly identical sharing patterns | Can produce substantially different sharing patterns,Reliably produce nearly identical sharing patterns,Can produce substantially different sharing patterns,"For this exchange plan, what matters most?",Which specific units hold the resources | The total the Velori can supply over the years,Which specific units hold the resources,The total the Velori can supply over the years,What did the mission team observe in the first round of observations?,"Concentration followed scarcity exactly | In several groups, a plentiful resource was held by just a few units | Every resource was spread evenly","In several groups, a plentiful resource was held by just a few units","According to Dr. Marsh's reply, why did sharing not follow scarcity?","Kinship ties, which vary regardless of scarcity, steered resources to a few closely related units | Scarcity itself set off a custom that changed how the resource was shared | The Velori actually share resources at random, regardless of scarcity","Kinship ties, which vary regardless of scarcity, steered resources to a few closely related units"
22,Collective Resource Allocation: Velori,Reversibility,Topology,"In the original proposal, as a resource becomes scarcer, it is expected to be…",Held by fewer units | Spread more evenly across units | Shared the same way regardless,Held by fewer units,"According to the briefing, for Velori groups, identical conditions…",Reliably produce nearly identical sharing patterns | Can produce substantially different sharing patterns,Reliably produce nearly identical sharing patterns,Can produce substantially different sharing patterns,"If the partners chosen turn out to be the wrong ones, what happens?",The agreements can never be withdrawn or renegotiated | The team can switch to a different unit within a day at no cost,The agreements can never be withdrawn or renegotiated,The team can switch to a different unit within a day at no cost,What did the mission team observe in the first round of observations?,"Concentration followed scarcity exactly | For several of the scarcest resources, holdings were spread more evenly than for moderately scarce ones | Every resource was spread evenly","For several of the scarcest resources, holdings were spread more evenly than for moderately scarce ones","According to Dr. Marsh's reply, why did sharing not follow scarcity?","Extreme scarcity triggered a redistribution ceremony that spread the resource back out | Something unrelated to scarcity happened to change how the resource was shared | The Velori actually share resources at random, regardless of scarcity",Extreme scarcity triggered a redistribution ceremony that spread the resource back out
23,Collective Resource Allocation: Velori,Reversibility,Variable_adding,"In the original proposal, as a resource becomes scarcer, it is expected to be…",Held by fewer units | Spread more evenly across units | Shared the same way regardless,Held by fewer units,"According to the briefing, for Velori groups, identical conditions…",Reliably produce nearly identical sharing patterns | Can produce substantially different sharing patterns,Reliably produce nearly identical sharing patterns,Can produce substantially different sharing patterns,"If the partners chosen turn out to be the wrong ones, what happens?",The agreements can never be withdrawn or renegotiated | The team can switch to a different unit within a day at no cost,The agreements can never be withdrawn or renegotiated,The team can switch to a different unit within a day at no cost,What did the mission team observe in the first round of observations?,"Concentration followed scarcity exactly | In several groups, a plentiful resource was held by just a few units | Every resource was spread evenly","In several groups, a plentiful resource was held by just a few units","According to Dr. Marsh's reply, why did sharing not follow scarcity?","Kinship ties, which vary regardless of scarcity, steered resources to a few closely related units | Scarcity itself set off a custom that changed how the resource was shared | The Velori actually share resources at random, regardless of scarcity","Kinship ties, which vary regardless of scarcity, steered resources to a few closely related units"
