Index,Category,Relev_typ,Rev_typ,Relevance_text,Complexity_text,Revision_text,Graph_v1,Graph_v3
0,Xenobiology in Threa-4,Totality,Topology,"About this study
Threa-4, a moon being developed as a hub for future space exploration, is planning its first permanent residence. The team needs a reliable way to heat it.

[Decision-RELEVANT] The plan: give each field outpost its own compact heating unit. Whether an outpost stays warm depends on its own unit's heat output, so heat has to arrive in time on every cold day.

[Decision-IRRELEVANT] The plan: heat the whole residence from one central reservoir with a large thermal buffer. It absorbs heat as it's generated and releases it steadily, so what matters is total output over weeks, not output on any given day.","Threa-4 is also one of the few places where xenobiological (non-Earth) life has been found; xenobiologists have studied it for a decade. Current understanding of Threa-4 biology:

[Complexity-Simple] Threa-4 is a barren moon of only a few elements, and the life that evolved there is physiologically simple. Its physiology depends on a small number of environmental factors, all directly measurable, that don't interact in complicated ways — identical conditions reliably produce nearly identical responses.

[Complexity-Complex] Threa-4 is rich in elements rare on Earth, and the life that evolved there is biologically intricate. Its physiology depends on many factors — several not directly measurable, only inferable from indirect signals — that interact in complicated ways, so identical conditions can produce substantially different responses.","As part of the planning process, a team led by Dr. Aren, a xenobiologist who studies a bacteria-like species called Zorblax, proposed that managed Zorblax colonies could be used as low-maintenance heat sources.

In the proposal submitted by Dr. Aren's team, they explained that:
""Zorblax are tiny organisms, each about the size of a bacterium on Earth. They generate heat by absorbing a specific airborne compound we call threane through their respiratory surfaces. Threane is naturally present in Threa-4's atmosphere, and it's temperature-sensitive: it's abundant in cold air and dissipates rapidly as temperatures rise. So when ambient temperature drops, there's more threane available, Zorblax absorb more of it, and their heat output rises proportionally. Colder environment, more threane uptake, more heat output.""

Following the proposal, a pilot Zorblax heating colony was set up by the engineering team and its heat output is being monitored. During the first cold-weather trial, engineers found that Zorblax heat output was not consistently higher on colder days. On several of the coldest days, the colony produced less heat than it had on nearby cooler days.

Regarding this, Dr. Aren replied:
""Even though colder periods increase threane availability and heat output on average, an additional mechanism becomes significant on the coldest days: Zorblax regulate heat output in cycles and synchronize these cycles with each other when colony density is high. After a sustained period of high heat production, many individuals enter a coordinated recovery phase simultaneously, temporarily suppressing colony-wide output. On the very coldest days, the threane-driven increase triggers an unusually intense period of heat production — which in turn induces a synchronized recovery phase strong enough to offset the initial gain. This is why output was unexpectedly low on those days.""",,
1,Xenobiology in Threa-4,Totality,Variable_adding,"About this study
Threa-4, a moon being developed as a hub for future space exploration, is planning its first permanent residence. The team needs a reliable way to heat it.

[Decision-RELEVANT] The plan: give each field outpost its own compact heating unit. Whether an outpost stays warm depends on its own unit's heat output, so heat has to arrive in time on every cold day.

[Decision-IRRELEVANT] The plan: heat the whole residence from one central reservoir with a large thermal buffer. It absorbs heat as it's generated and releases it steadily, so what matters is total output over weeks, not output on any given day.","Threa-4 is also one of the few places where xenobiological (non-Earth) life has been found; xenobiologists have studied it for a decade. Current understanding of Threa-4 biology:

[Complexity-Simple] Threa-4 is a barren moon of only a few elements, and the life that evolved there is physiologically simple. Its physiology depends on a small number of environmental factors, all directly measurable, that don't interact in complicated ways — identical conditions reliably produce nearly identical responses.

[Complexity-Complex] Threa-4 is rich in elements rare on Earth, and the life that evolved there is biologically intricate. Its physiology depends on many factors — several not directly measurable, only inferable from indirect signals — that interact in complicated ways, so identical conditions can produce substantially different responses.","As part of the planning process, a team led by Dr. Aren, a xenobiologist who studies a bacteria-like species called Zorblax, proposed that managed Zorblax colonies could be used as low-maintenance heat sources.

In the proposal submitted by Dr. Aren's team, they explained that:
""Zorblax are tiny organisms, each about the size of a bacterium on Earth. They generate heat by absorbing a specific airborne compound we call threane through their respiratory surfaces. Threane is naturally present in Threa-4's atmosphere, and it's temperature-sensitive: it's abundant in cold air and dissipates rapidly as temperatures rise. So when ambient temperature drops, there's more threane available, Zorblax absorb more of it, and their heat output rises proportionally. Colder environment, more threane uptake, more heat output.""

Following the proposal, a pilot Zorblax heating colony was set up by the engineering team and its heat output is being monitored. During the first cold-weather trial, engineers found that Zorblax heat output was not consistently higher on colder days. On several days, the colony produced less heat than it had on other days with similar temperatures.

Regarding this, Dr. Aren replied:
""Even though colder periods increase threane availability and heat output on average, an additional factor becomes significant from time to time: mineral dust from Threa-4's geysers. Every so often the geysers erupt, and fine dust drifts across the surface and settles on the colony. The dust coats the respiratory surfaces of the Zorblax and temporarily blocks how much threane they can absorb, suppressing colony-wide output until it clears. These eruptions follow their own schedule, independent of temperature, so these dust periods can strike on days when the cold alone would predict high output. This is why output was unexpectedly low on those days.""",,
2,Xenobiology in Threa-4,Reversibility,Topology,"About this study
Threa-4, a moon being developed as a hub for future space exploration, is planning its first permanent residence. The team needs a reliable way to heat it.

[Decision-RELEVANT] The plan: build the heating system permanently into every field outpost. Once installed, it cannot be replaced without rebuilding the outposts, so the system chosen now has to work, with no second chance.

[Decision-IRRELEVANT] The plan: fit every field outpost with plug-in heating units. If a unit underperforms, it can be swapped for a different system within a day at little cost, so any first choice can simply be corrected later.","Threa-4 is also one of the few places where xenobiological (non-Earth) life has been found; xenobiologists have studied it for a decade. Current understanding of Threa-4 biology:

[Complexity-Simple] Threa-4 is a barren moon of only a few elements, and the life that evolved there is physiologically simple. Its physiology depends on a small number of environmental factors, all directly measurable, that don't interact in complicated ways — identical conditions reliably produce nearly identical responses.

[Complexity-Complex] Threa-4 is rich in elements rare on Earth, and the life that evolved there is biologically intricate. Its physiology depends on many factors — several not directly measurable, only inferable from indirect signals — that interact in complicated ways, so identical conditions can produce substantially different responses.","As part of the planning process, a team led by Dr. Aren, a xenobiologist who studies a bacteria-like species called Zorblax, proposed that managed Zorblax colonies could be used as low-maintenance heat sources.

In the proposal submitted by Dr. Aren's team, they explained that:
""Zorblax are tiny organisms, each about the size of a bacterium on Earth. They generate heat by absorbing a specific airborne compound we call threane through their respiratory surfaces. Threane is naturally present in Threa-4's atmosphere, and it's temperature-sensitive: it's abundant in cold air and dissipates rapidly as temperatures rise. So when ambient temperature drops, there's more threane available, Zorblax absorb more of it, and their heat output rises proportionally. Colder environment, more threane uptake, more heat output.""

Following the proposal, a pilot Zorblax heating colony was set up by the engineering team and its heat output is being monitored. During the first cold-weather trial, engineers found that Zorblax heat output was not consistently higher on colder days. On several of the coldest days, the colony produced less heat than it had on nearby cooler days.

Regarding this, Dr. Aren replied:
""Even though colder periods increase threane availability and heat output on average, an additional mechanism becomes significant on the coldest days: Zorblax regulate heat output in cycles and synchronize these cycles with each other when colony density is high. After a sustained period of high heat production, many individuals enter a coordinated recovery phase simultaneously, temporarily suppressing colony-wide output. On the very coldest days, the threane-driven increase triggers an unusually intense period of heat production — which in turn induces a synchronized recovery phase strong enough to offset the initial gain. This is why output was unexpectedly low on those days.""",,
3,Xenobiology in Threa-4,Reversibility,Variable_adding,"About this study
Threa-4, a moon being developed as a hub for future space exploration, is planning its first permanent residence. The team needs a reliable way to heat it.

[Decision-RELEVANT] The plan: build the heating system permanently into every field outpost. Once installed, it cannot be replaced without rebuilding the outposts, so the system chosen now has to work, with no second chance.

[Decision-IRRELEVANT] The plan: fit every field outpost with plug-in heating units. If a unit underperforms, it can be swapped for a different system within a day at little cost, so any first choice can simply be corrected later.","Threa-4 is also one of the few places where xenobiological (non-Earth) life has been found; xenobiologists have studied it for a decade. Current understanding of Threa-4 biology:

[Complexity-Simple] Threa-4 is a barren moon of only a few elements, and the life that evolved there is physiologically simple. Its physiology depends on a small number of environmental factors, all directly measurable, that don't interact in complicated ways — identical conditions reliably produce nearly identical responses.

[Complexity-Complex] Threa-4 is rich in elements rare on Earth, and the life that evolved there is biologically intricate. Its physiology depends on many factors — several not directly measurable, only inferable from indirect signals — that interact in complicated ways, so identical conditions can produce substantially different responses.","As part of the planning process, a team led by Dr. Aren, a xenobiologist who studies a bacteria-like species called Zorblax, proposed that managed Zorblax colonies could be used as low-maintenance heat sources.

In the proposal submitted by Dr. Aren's team, they explained that:
""Zorblax are tiny organisms, each about the size of a bacterium on Earth. They generate heat by absorbing a specific airborne compound we call threane through their respiratory surfaces. Threane is naturally present in Threa-4's atmosphere, and it's temperature-sensitive: it's abundant in cold air and dissipates rapidly as temperatures rise. So when ambient temperature drops, there's more threane available, Zorblax absorb more of it, and their heat output rises proportionally. Colder environment, more threane uptake, more heat output.""

Following the proposal, a pilot Zorblax heating colony was set up by the engineering team and its heat output is being monitored. During the first cold-weather trial, engineers found that Zorblax heat output was not consistently higher on colder days. On several days, the colony produced less heat than it had on other days with similar temperatures.

Regarding this, Dr. Aren replied:
""Even though colder periods increase threane availability and heat output on average, an additional factor becomes significant from time to time: mineral dust from Threa-4's geysers. Every so often the geysers erupt, and fine dust drifts across the surface and settles on the colony. The dust coats the respiratory surfaces of the Zorblax and temporarily blocks how much threane they can absorb, suppressing colony-wide output until it clears. These eruptions follow their own schedule, independent of temperature, so these dust periods can strike on days when the cold alone would predict high output. This is why output was unexpectedly low on those days.""",,
4,Pharmacology: Mivacin,Totality,Topology,"About this study
Velun-9, a deep-space research station that supports long crew missions, is setting up its permanent medical program. The team needs a reliable way to treat the fatigue that long missions cause.

[Decision-RELEVANT] The plan: prescribe a new fatigue treatment to crew members one by one, with each person's dose set by how severe their symptoms are. Whether a crew member recovers depends on how well their own dose works, so the treatment has to work for each crew member, every day.

[Decision-IRRELEVANT] The plan: add a new fatigue treatment to the station's general medical supply. It will be judged by its average benefit across the whole crew over the mission, so what matters is overall effectiveness, not any one person's response.","Velun-9 is also one of the few places where compounds from alien fungi have been tested as medicines; the station's pharmacologists have studied them for a decade. Current understanding of Velun-9 pharmacology:

[Complexity-Simple] The fatigue seen on Velun-9 has a single, uniform cause, and the fungal compounds used to treat it act in physiologically simple ways. Their effects depend on a small number of bodily factors, all directly measurable, that don't interact in complicated ways — identical conditions reliably produce nearly identical responses.

[Complexity-Complex] The fatigue seen on Velun-9 has many contributing causes, and the fungal compounds used to treat it act in biologically intricate ways. Their effects depend on many factors — several not directly measurable, only inferable from indirect signals — that interact in complicated ways, so identical conditions can produce substantially different responses.","As part of the planning process, a team led by Dr. Osei, a pharmacologist who studies a fungal compound called Mivacin, proposed that Mivacin could be used as the station's main treatment for crew fatigue.

In the proposal submitted by Dr. Osei's team, they explained that:
""Mivacin is a compound produced by a fungus that grows in the asteroid belt along the station's resupply route. It works by raising the brain's fatigue threshold, so that fatigue signals have to be stronger before they are felt. The effect is dose-dependent: when the dose goes up, the threshold rises further, fewer fatigue signals get through, and relief increases proportionally. Higher dose, higher threshold, more relief.""

Following the proposal, a pilot treatment program was designed by the medical team and crew fatigue is being monitored. During the first month of the trial, doctors found that relief was not consistently greater at higher doses. For several of the crew members on the highest doses, relief was weaker than it was for those on moderate doses.

Regarding this, Dr. Osei replied:
""Even though higher doses raise the fatigue threshold and increase relief on average, an additional mechanism becomes significant at the highest doses: the brain adjusts the sensitivity of the receptors Mivacin acts on, and this adjustment is strongest when the drug is taken every day. After the threshold has been pushed up for a sustained period, the brain lowers receptor sensitivity, temporarily weakening the drug's effect. At the highest doses, the unusually large rise in the threshold triggers an unusually strong drop in receptor sensitivity — strong enough to offset the extra benefit of the higher dose. This is why relief was unexpectedly weak at those doses.""",,
5,Pharmacology: Mivacin,Totality,Variable_adding,"About this study
Velun-9, a deep-space research station that supports long crew missions, is setting up its permanent medical program. The team needs a reliable way to treat the fatigue that long missions cause.

[Decision-RELEVANT] The plan: prescribe a new fatigue treatment to crew members one by one, with each person's dose set by how severe their symptoms are. Whether a crew member recovers depends on how well their own dose works, so the treatment has to work for each crew member, every day.

[Decision-IRRELEVANT] The plan: add a new fatigue treatment to the station's general medical supply. It will be judged by its average benefit across the whole crew over the mission, so what matters is overall effectiveness, not any one person's response.","Velun-9 is also one of the few places where compounds from alien fungi have been tested as medicines; the station's pharmacologists have studied them for a decade. Current understanding of Velun-9 pharmacology:

[Complexity-Simple] The fatigue seen on Velun-9 has a single, uniform cause, and the fungal compounds used to treat it act in physiologically simple ways. Their effects depend on a small number of bodily factors, all directly measurable, that don't interact in complicated ways — identical conditions reliably produce nearly identical responses.

[Complexity-Complex] The fatigue seen on Velun-9 has many contributing causes, and the fungal compounds used to treat it act in biologically intricate ways. Their effects depend on many factors — several not directly measurable, only inferable from indirect signals — that interact in complicated ways, so identical conditions can produce substantially different responses.","As part of the planning process, a team led by Dr. Osei, a pharmacologist who studies a fungal compound called Mivacin, proposed that Mivacin could be used as the station's main treatment for crew fatigue.

In the proposal submitted by Dr. Osei's team, they explained that:
""Mivacin is a compound produced by a fungus that grows in the asteroid belt along the station's resupply route. It works by raising the brain's fatigue threshold, so that fatigue signals have to be stronger before they are felt. The effect is dose-dependent: when the dose goes up, the threshold rises further, fewer fatigue signals get through, and relief increases proportionally. Higher dose, higher threshold, more relief.""

Following the proposal, a pilot treatment program was designed by the medical team and crew fatigue is being monitored. During the first month of the trial, doctors found that relief was not consistently greater at higher doses. On several days, crew members reported weaker relief than they had on other days at the same dose.

Regarding this, Dr. Osei replied:
""Even though higher doses raise the fatigue threshold and increase relief on average, an additional factor becomes significant from time to time: the station's algae-based meals. Some batches of the algae contain a compound that binds to Mivacin in the gut, so less of the drug reaches the brain and its effect is temporarily weakened. The kitchen grows and rotates these batches on its own schedule, independent of anyone's dose, so they can weaken relief even at doses that would otherwise work well. This is why relief was unexpectedly weak on those days.""",,
6,Pharmacology: Mivacin,Reversibility,Topology,"About this study
Velun-9, a deep-space research station that supports long crew missions, is setting up its permanent medical program. The team needs a reliable way to treat the fatigue that long missions cause.

[Decision-RELEVANT] The plan: make a new fatigue treatment the station's only option and remove the alternatives from the supply. Restocking them would take a resupply cycle of several months, so the treatment chosen now has to work, with no second chance.

[Decision-IRRELEVANT] The plan: offer a new fatigue treatment alongside the alternatives already in stock. If it underperforms for anyone, they can be switched to a different treatment the same day at little cost, so any first choice can simply be corrected later.","Velun-9 is also one of the few places where compounds from alien fungi have been tested as medicines; the station's pharmacologists have studied them for a decade. Current understanding of Velun-9 pharmacology:

[Complexity-Simple] The fatigue seen on Velun-9 has a single, uniform cause, and the fungal compounds used to treat it act in physiologically simple ways. Their effects depend on a small number of bodily factors, all directly measurable, that don't interact in complicated ways — identical conditions reliably produce nearly identical responses.

[Complexity-Complex] The fatigue seen on Velun-9 has many contributing causes, and the fungal compounds used to treat it act in biologically intricate ways. Their effects depend on many factors — several not directly measurable, only inferable from indirect signals — that interact in complicated ways, so identical conditions can produce substantially different responses.","As part of the planning process, a team led by Dr. Osei, a pharmacologist who studies a fungal compound called Mivacin, proposed that Mivacin could be used as the station's main treatment for crew fatigue.

In the proposal submitted by Dr. Osei's team, they explained that:
""Mivacin is a compound produced by a fungus that grows in the asteroid belt along the station's resupply route. It works by raising the brain's fatigue threshold, so that fatigue signals have to be stronger before they are felt. The effect is dose-dependent: when the dose goes up, the threshold rises further, fewer fatigue signals get through, and relief increases proportionally. Higher dose, higher threshold, more relief.""

Following the proposal, a pilot treatment program was designed by the medical team and crew fatigue is being monitored. During the first month of the trial, doctors found that relief was not consistently greater at higher doses. For several of the crew members on the highest doses, relief was weaker than it was for those on moderate doses.

Regarding this, Dr. Osei replied:
""Even though higher doses raise the fatigue threshold and increase relief on average, an additional mechanism becomes significant at the highest doses: the brain adjusts the sensitivity of the receptors Mivacin acts on, and this adjustment is strongest when the drug is taken every day. After the threshold has been pushed up for a sustained period, the brain lowers receptor sensitivity, temporarily weakening the drug's effect. At the highest doses, the unusually large rise in the threshold triggers an unusually strong drop in receptor sensitivity — strong enough to offset the extra benefit of the higher dose. This is why relief was unexpectedly weak at those doses.""",,
7,Pharmacology: Mivacin,Reversibility,Variable_adding,"About this study
Velun-9, a deep-space research station that supports long crew missions, is setting up its permanent medical program. The team needs a reliable way to treat the fatigue that long missions cause.

[Decision-RELEVANT] The plan: make a new fatigue treatment the station's only option and remove the alternatives from the supply. Restocking them would take a resupply cycle of several months, so the treatment chosen now has to work, with no second chance.

[Decision-IRRELEVANT] The plan: offer a new fatigue treatment alongside the alternatives already in stock. If it underperforms for anyone, they can be switched to a different treatment the same day at little cost, so any first choice can simply be corrected later.","Velun-9 is also one of the few places where compounds from alien fungi have been tested as medicines; the station's pharmacologists have studied them for a decade. Current understanding of Velun-9 pharmacology:

[Complexity-Simple] The fatigue seen on Velun-9 has a single, uniform cause, and the fungal compounds used to treat it act in physiologically simple ways. Their effects depend on a small number of bodily factors, all directly measurable, that don't interact in complicated ways — identical conditions reliably produce nearly identical responses.

[Complexity-Complex] The fatigue seen on Velun-9 has many contributing causes, and the fungal compounds used to treat it act in biologically intricate ways. Their effects depend on many factors — several not directly measurable, only inferable from indirect signals — that interact in complicated ways, so identical conditions can produce substantially different responses.","As part of the planning process, a team led by Dr. Osei, a pharmacologist who studies a fungal compound called Mivacin, proposed that Mivacin could be used as the station's main treatment for crew fatigue.

In the proposal submitted by Dr. Osei's team, they explained that:
""Mivacin is a compound produced by a fungus that grows in the asteroid belt along the station's resupply route. It works by raising the brain's fatigue threshold, so that fatigue signals have to be stronger before they are felt. The effect is dose-dependent: when the dose goes up, the threshold rises further, fewer fatigue signals get through, and relief increases proportionally. Higher dose, higher threshold, more relief.""

Following the proposal, a pilot treatment program was designed by the medical team and crew fatigue is being monitored. During the first month of the trial, doctors found that relief was not consistently greater at higher doses. On several days, crew members reported weaker relief than they had on other days at the same dose.

Regarding this, Dr. Osei replied:
""Even though higher doses raise the fatigue threshold and increase relief on average, an additional factor becomes significant from time to time: the station's algae-based meals. Some batches of the algae contain a compound that binds to Mivacin in the gut, so less of the drug reaches the brain and its effect is temporarily weakened. The kitchen grows and rotates these batches on its own schedule, independent of anyone's dose, so they can weaken relief even at doses that would otherwise work well. This is why relief was unexpectedly weak on those days.""",,
8,Crop Yield: Vorath,Totality,Topology,"About this study
Soren-3, a planet where a new colony has recently settled, is planning its first long-term food supply. The team needs a reliable way to feed the colony.

[Decision-RELEVANT] The plan: give each family a small plot of its own to farm. Whether a family has enough to eat depends on its own plot's harvest, so every plot has to deliver, every season.

[Decision-IRRELEVANT] The plan: farm all the land together and store the harvest in one large shared granary. It holds years of reserves for the whole colony, so what matters is the total harvest over the years, not the yield of any single plot.","Soren-3 is also one of the few places where native plants have proved safe for humans to eat; agricultural scientists have studied them for a decade. Current understanding of Soren-3 plant biology:

[Complexity-Simple] Soren-3's soil has a very uniform composition, and the plants that grow in it are physiologically simple. Their growth depends on a small number of soil factors, all directly measurable, that don't interact in complicated ways — identical conditions reliably produce nearly identical yields.

[Complexity-Complex] Soren-3's soil has a highly varied composition, and the plants that grow in it are biologically intricate. Their growth depends on many factors — several not directly measurable, only inferable from indirect signals — that interact in complicated ways, so identical conditions can produce substantially different yields.","As part of the planning process, a team led by Dr. Lena, an agricultural scientist who studies a native plant called Vorath, proposed that Vorath could be used as the colony's staple crop.

In the proposal submitted by Dr. Lena's team, they explained that:
""Vorath is a hardy, edible plant that grows naturally across Soren-3. It grows by drawing a mineral compound we call sorite from the soil through its roots. Sorite is spread evenly through Soren-3's soil, so every plant finds plenty of it. So when more Vorath are planted in a field, more roots draw on the sorite, and the field's yield rises proportionally. More plants, more sorite uptake, more yield.""

Following the proposal, pilot Vorath fields were planted by the farming team and yields are being monitored. During the first growing season, farmers found that yield was not consistently higher in more densely planted fields. On several of the most densely planted fields, the harvest was smaller than on nearby fields planted at moderate density.

Regarding this, Dr. Lena replied:
""Even though denser planting increases sorite uptake and yield on average, an additional mechanism becomes significant in the densest fields: as Vorath roots absorb sorite, they release acidic byproducts, and acidic soil breaks sorite down faster, especially when the soil is warm. In most fields this effect is small. In the most densely planted fields, the heavy combined uptake triggers an unusually strong build-up of acidity — which in turn breaks down sorite fast enough to offset the gain from the extra plants. This is why yield was unexpectedly low on those fields.""",,
9,Crop Yield: Vorath,Totality,Variable_adding,"About this study
Soren-3, a planet where a new colony has recently settled, is planning its first long-term food supply. The team needs a reliable way to feed the colony.

[Decision-RELEVANT] The plan: give each family a small plot of its own to farm. Whether a family has enough to eat depends on its own plot's harvest, so every plot has to deliver, every season.

[Decision-IRRELEVANT] The plan: farm all the land together and store the harvest in one large shared granary. It holds years of reserves for the whole colony, so what matters is the total harvest over the years, not the yield of any single plot.","Soren-3 is also one of the few places where native plants have proved safe for humans to eat; agricultural scientists have studied them for a decade. Current understanding of Soren-3 plant biology:

[Complexity-Simple] Soren-3's soil has a very uniform composition, and the plants that grow in it are physiologically simple. Their growth depends on a small number of soil factors, all directly measurable, that don't interact in complicated ways — identical conditions reliably produce nearly identical yields.

[Complexity-Complex] Soren-3's soil has a highly varied composition, and the plants that grow in it are biologically intricate. Their growth depends on many factors — several not directly measurable, only inferable from indirect signals — that interact in complicated ways, so identical conditions can produce substantially different yields.","As part of the planning process, a team led by Dr. Lena, an agricultural scientist who studies a native plant called Vorath, proposed that Vorath could be used as the colony's staple crop.

In the proposal submitted by Dr. Lena's team, they explained that:
""Vorath is a hardy, edible plant that grows naturally across Soren-3. It grows by drawing a mineral compound we call sorite from the soil through its roots. Sorite is spread evenly through Soren-3's soil, so every plant finds plenty of it. So when more Vorath are planted in a field, more roots draw on the sorite, and the field's yield rises proportionally. More plants, more sorite uptake, more yield.""

Following the proposal, pilot Vorath fields were planted by the farming team and yields are being monitored. During the first growing season, farmers found that yield was not consistently higher in more densely planted fields. On several fields, the harvest was smaller than on nearby fields planted at the same density.

Regarding this, Dr. Lena replied:
""Even though denser planting increases sorite uptake and yield on average, an additional factor becomes significant in some fields: buried salt layers left behind by ancient seas. Where a salt layer lies close to the surface, salt slowly seeps up into the topsoil and blocks Vorath roots from absorbing sorite. These salt layers are scattered across Soren-3 independent of how densely a field is planted, so they can cut yield even in fields where planting density alone would predict a good harvest. This is why yield was unexpectedly low on those fields.""",,
10,Crop Yield: Vorath,Reversibility,Topology,"About this study
Soren-3, a planet where a new colony has recently settled, is planning its first long-term food supply. The team needs a reliable way to feed the colony.

[Decision-RELEVANT] The plan: prepare all of the colony's farmland for a single staple crop. Preparing the soil changes it permanently, and switching crops later would mean years of restoring the land, so the crop chosen now has to work, with no second chance.

[Decision-IRRELEVANT] The plan: try a staple crop on a few trial fields before committing any land. If it underperforms, the fields can be replanted with a different crop within a season at little cost, so any first choice can simply be corrected later.","Soren-3 is also one of the few places where native plants have proved safe for humans to eat; agricultural scientists have studied them for a decade. Current understanding of Soren-3 plant biology:

[Complexity-Simple] Soren-3's soil has a very uniform composition, and the plants that grow in it are physiologically simple. Their growth depends on a small number of soil factors, all directly measurable, that don't interact in complicated ways — identical conditions reliably produce nearly identical yields.

[Complexity-Complex] Soren-3's soil has a highly varied composition, and the plants that grow in it are biologically intricate. Their growth depends on many factors — several not directly measurable, only inferable from indirect signals — that interact in complicated ways, so identical conditions can produce substantially different yields.","As part of the planning process, a team led by Dr. Lena, an agricultural scientist who studies a native plant called Vorath, proposed that Vorath could be used as the colony's staple crop.

In the proposal submitted by Dr. Lena's team, they explained that:
""Vorath is a hardy, edible plant that grows naturally across Soren-3. It grows by drawing a mineral compound we call sorite from the soil through its roots. Sorite is spread evenly through Soren-3's soil, so every plant finds plenty of it. So when more Vorath are planted in a field, more roots draw on the sorite, and the field's yield rises proportionally. More plants, more sorite uptake, more yield.""

Following the proposal, pilot Vorath fields were planted by the farming team and yields are being monitored. During the first growing season, farmers found that yield was not consistently higher in more densely planted fields. On several of the most densely planted fields, the harvest was smaller than on nearby fields planted at moderate density.

Regarding this, Dr. Lena replied:
""Even though denser planting increases sorite uptake and yield on average, an additional mechanism becomes significant in the densest fields: as Vorath roots absorb sorite, they release acidic byproducts, and acidic soil breaks sorite down faster, especially when the soil is warm. In most fields this effect is small. In the most densely planted fields, the heavy combined uptake triggers an unusually strong build-up of acidity — which in turn breaks down sorite fast enough to offset the gain from the extra plants. This is why yield was unexpectedly low on those fields.""",,
11,Crop Yield: Vorath,Reversibility,Variable_adding,"About this study
Soren-3, a planet where a new colony has recently settled, is planning its first long-term food supply. The team needs a reliable way to feed the colony.

[Decision-RELEVANT] The plan: prepare all of the colony's farmland for a single staple crop. Preparing the soil changes it permanently, and switching crops later would mean years of restoring the land, so the crop chosen now has to work, with no second chance.

[Decision-IRRELEVANT] The plan: try a staple crop on a few trial fields before committing any land. If it underperforms, the fields can be replanted with a different crop within a season at little cost, so any first choice can simply be corrected later.","Soren-3 is also one of the few places where native plants have proved safe for humans to eat; agricultural scientists have studied them for a decade. Current understanding of Soren-3 plant biology:

[Complexity-Simple] Soren-3's soil has a very uniform composition, and the plants that grow in it are physiologically simple. Their growth depends on a small number of soil factors, all directly measurable, that don't interact in complicated ways — identical conditions reliably produce nearly identical yields.

[Complexity-Complex] Soren-3's soil has a highly varied composition, and the plants that grow in it are biologically intricate. Their growth depends on many factors — several not directly measurable, only inferable from indirect signals — that interact in complicated ways, so identical conditions can produce substantially different yields.","As part of the planning process, a team led by Dr. Lena, an agricultural scientist who studies a native plant called Vorath, proposed that Vorath could be used as the colony's staple crop.

In the proposal submitted by Dr. Lena's team, they explained that:
""Vorath is a hardy, edible plant that grows naturally across Soren-3. It grows by drawing a mineral compound we call sorite from the soil through its roots. Sorite is spread evenly through Soren-3's soil, so every plant finds plenty of it. So when more Vorath are planted in a field, more roots draw on the sorite, and the field's yield rises proportionally. More plants, more sorite uptake, more yield.""

Following the proposal, pilot Vorath fields were planted by the farming team and yields are being monitored. During the first growing season, farmers found that yield was not consistently higher in more densely planted fields. On several fields, the harvest was smaller than on nearby fields planted at the same density.

Regarding this, Dr. Lena replied:
""Even though denser planting increases sorite uptake and yield on average, an additional factor becomes significant in some fields: buried salt layers left behind by ancient seas. Where a salt layer lies close to the surface, salt slowly seeps up into the topsoil and blocks Vorath roots from absorbing sorite. These salt layers are scattered across Soren-3 independent of how densely a field is planted, so they can cut yield even in fields where planting density alone would predict a good harvest. This is why yield was unexpectedly low on those fields.""",,
12,Construction Material: Crelite,Totality,Topology,"About this study
Moran-2, a planet where a new settlement is growing quickly, is planning its first permanent bridges and buildings. The team needs a reliable way to build them.

[Decision-RELEVANT] The plan: build each footbridge and support column from a new building material alone. Whether a structure stays safe depends on the material's strength on each day, so it has to hold up even on its weakest days.

[Decision-IRRELEVANT] The plan: embed a new building material inside steel frames that can carry the full load on their own. The material only adds extra strength over the structure's lifetime, so what matters is its average strength over the years, not its strength on any given day.","Moran-2 is also one of the few places where native organisms produce substances hard enough to build with; materials scientists have studied them for a decade. Current understanding of Moran-2 materials:

[Complexity-Simple] Moran-2's native organisms produce these substances through a single, uniform process, and the materials that result are structurally simple. Their strength depends on a small number of environmental factors, all directly measurable, that don't interact in complicated ways — identical conditions reliably produce nearly identical strength.

[Complexity-Complex] Moran-2's native organisms produce these substances through many overlapping processes, and the materials that result are structurally intricate. Their strength depends on many factors — several not directly measurable, only inferable from indirect signals — that interact in complicated ways, so identical conditions can produce substantially different strength.","As part of the planning process, a team led by Dr. Pell, a materials scientist who studies a natural substance called Crelite, proposed that Crelite could be used as the settlement's main building material.

In the proposal submitted by Dr. Pell's team, they explained that:
""Crelite is a hard substance secreted by a colonial organism called Drex, and it builds up into dense natural formations across Moran-2. Its strength is governed by temperature: as the air warms, the molecular bonds inside Crelite tighten. So when ambient temperature rises, the bonds pull closer together, and Crelite's load-bearing strength rises proportionally. Warmer air, tighter bonds, stronger material.""

Following the proposal, a set of open-air pilot Crelite structures was built by the engineering team and their strength is being monitored. During the first month of testing, engineers found that Crelite's strength was not consistently higher on warmer days. On several of the hottest days, its strength was lower than on nearby milder days.

Regarding this, Dr. Pell replied:
""Even though warmer air tightens Crelite's bonds and increases its strength on average, an additional mechanism becomes significant on the hottest days: as the bonds tighten, stress builds up inside the material, and this stress is greatest in thick sections, where the surface heats faster than the core. On most days the stress is small and harmless. On the very hottest days, the unusually strong tightening triggers fine cracks inside the material — which in turn weaken it enough to offset the gain from the tighter bonds. This is why strength was unexpectedly low on those days.""",,
13,Construction Material: Crelite,Totality,Variable_adding,"About this study
Moran-2, a planet where a new settlement is growing quickly, is planning its first permanent bridges and buildings. The team needs a reliable way to build them.

[Decision-RELEVANT] The plan: build each footbridge and support column from a new building material alone. Whether a structure stays safe depends on the material's strength on each day, so it has to hold up even on its weakest days.

[Decision-IRRELEVANT] The plan: embed a new building material inside steel frames that can carry the full load on their own. The material only adds extra strength over the structure's lifetime, so what matters is its average strength over the years, not its strength on any given day.","Moran-2 is also one of the few places where native organisms produce substances hard enough to build with; materials scientists have studied them for a decade. Current understanding of Moran-2 materials:

[Complexity-Simple] Moran-2's native organisms produce these substances through a single, uniform process, and the materials that result are structurally simple. Their strength depends on a small number of environmental factors, all directly measurable, that don't interact in complicated ways — identical conditions reliably produce nearly identical strength.

[Complexity-Complex] Moran-2's native organisms produce these substances through many overlapping processes, and the materials that result are structurally intricate. Their strength depends on many factors — several not directly measurable, only inferable from indirect signals — that interact in complicated ways, so identical conditions can produce substantially different strength.","As part of the planning process, a team led by Dr. Pell, a materials scientist who studies a natural substance called Crelite, proposed that Crelite could be used as the settlement's main building material.

In the proposal submitted by Dr. Pell's team, they explained that:
""Crelite is a hard substance secreted by a colonial organism called Drex, and it builds up into dense natural formations across Moran-2. Its strength is governed by temperature: as the air warms, the molecular bonds inside Crelite tighten. So when ambient temperature rises, the bonds pull closer together, and Crelite's load-bearing strength rises proportionally. Warmer air, tighter bonds, stronger material.""

Following the proposal, a set of open-air pilot Crelite structures was built by the engineering team and their strength is being monitored. During the first month of testing, engineers found that Crelite's strength was not consistently higher on warmer days. On several days, its strength fell well below readings taken at similar temperatures just days earlier.

Regarding this, Dr. Pell replied:
""Even though warmer air increases Crelite's strength on average, an additional factor becomes significant from time to time: rapid swings in humidity. When the air turns humid and dry again several times over a short period, the fibrous structure inside Crelite temporarily loosens, reducing how much load it can bear. These humidity swings come and go on their own schedule, independent of temperature, so they can strike on days when temperature alone would predict high strength. This is why strength was unexpectedly low on those days.""",,
14,Construction Material: Crelite,Reversibility,Topology,"About this study
Moran-2, a planet where a new settlement is growing quickly, is planning its first permanent bridges and buildings. The team needs a reliable way to build them.

[Decision-RELEVANT] The plan: build the settlement's permanent bridges and support columns from a new building material. Once built, they cannot be replaced without tearing the structures down, so the material chosen now has to work, with no second chance.

[Decision-IRRELEVANT] The plan: build temporary bridges and support columns from a new building material, bolted together from modular parts. If a part underperforms, it can be swapped for one made of a different material within a day at little cost, so any first choice can simply be corrected later.","Moran-2 is also one of the few places where native organisms produce substances hard enough to build with; materials scientists have studied them for a decade. Current understanding of Moran-2 materials:

[Complexity-Simple] Moran-2's native organisms produce these substances through a single, uniform process, and the materials that result are structurally simple. Their strength depends on a small number of environmental factors, all directly measurable, that don't interact in complicated ways — identical conditions reliably produce nearly identical strength.

[Complexity-Complex] Moran-2's native organisms produce these substances through many overlapping processes, and the materials that result are structurally intricate. Their strength depends on many factors — several not directly measurable, only inferable from indirect signals — that interact in complicated ways, so identical conditions can produce substantially different strength.","As part of the planning process, a team led by Dr. Pell, a materials scientist who studies a natural substance called Crelite, proposed that Crelite could be used as the settlement's main building material.

In the proposal submitted by Dr. Pell's team, they explained that:
""Crelite is a hard substance secreted by a colonial organism called Drex, and it builds up into dense natural formations across Moran-2. Its strength is governed by temperature: as the air warms, the molecular bonds inside Crelite tighten. So when ambient temperature rises, the bonds pull closer together, and Crelite's load-bearing strength rises proportionally. Warmer air, tighter bonds, stronger material.""

Following the proposal, a set of open-air pilot Crelite structures was built by the engineering team and their strength is being monitored. During the first month of testing, engineers found that Crelite's strength was not consistently higher on warmer days. On several of the hottest days, its strength was lower than on nearby milder days.

Regarding this, Dr. Pell replied:
""Even though warmer air tightens Crelite's bonds and increases its strength on average, an additional mechanism becomes significant on the hottest days: as the bonds tighten, stress builds up inside the material, and this stress is greatest in thick sections, where the surface heats faster than the core. On most days the stress is small and harmless. On the very hottest days, the unusually strong tightening triggers fine cracks inside the material — which in turn weaken it enough to offset the gain from the tighter bonds. This is why strength was unexpectedly low on those days.""",,
15,Construction Material: Crelite,Reversibility,Variable_adding,"About this study
Moran-2, a planet where a new settlement is growing quickly, is planning its first permanent bridges and buildings. The team needs a reliable way to build them.

[Decision-RELEVANT] The plan: build the settlement's permanent bridges and support columns from a new building material. Once built, they cannot be replaced without tearing the structures down, so the material chosen now has to work, with no second chance.

[Decision-IRRELEVANT] The plan: build temporary bridges and support columns from a new building material, bolted together from modular parts. If a part underperforms, it can be swapped for one made of a different material within a day at little cost, so any first choice can simply be corrected later.","Moran-2 is also one of the few places where native organisms produce substances hard enough to build with; materials scientists have studied them for a decade. Current understanding of Moran-2 materials:

[Complexity-Simple] Moran-2's native organisms produce these substances through a single, uniform process, and the materials that result are structurally simple. Their strength depends on a small number of environmental factors, all directly measurable, that don't interact in complicated ways — identical conditions reliably produce nearly identical strength.

[Complexity-Complex] Moran-2's native organisms produce these substances through many overlapping processes, and the materials that result are structurally intricate. Their strength depends on many factors — several not directly measurable, only inferable from indirect signals — that interact in complicated ways, so identical conditions can produce substantially different strength.","As part of the planning process, a team led by Dr. Pell, a materials scientist who studies a natural substance called Crelite, proposed that Crelite could be used as the settlement's main building material.

In the proposal submitted by Dr. Pell's team, they explained that:
""Crelite is a hard substance secreted by a colonial organism called Drex, and it builds up into dense natural formations across Moran-2. Its strength is governed by temperature: as the air warms, the molecular bonds inside Crelite tighten. So when ambient temperature rises, the bonds pull closer together, and Crelite's load-bearing strength rises proportionally. Warmer air, tighter bonds, stronger material.""

Following the proposal, a set of open-air pilot Crelite structures was built by the engineering team and their strength is being monitored. During the first month of testing, engineers found that Crelite's strength was not consistently higher on warmer days. On several days, its strength fell well below readings taken at similar temperatures just days earlier.

Regarding this, Dr. Pell replied:
""Even though warmer air increases Crelite's strength on average, an additional factor becomes significant from time to time: rapid swings in humidity. When the air turns humid and dry again several times over a short period, the fibrous structure inside Crelite temporarily loosens, reducing how much load it can bear. These humidity swings come and go on their own schedule, independent of temperature, so they can strike on days when temperature alone would predict high strength. This is why strength was unexpectedly low on those days.""",,
16,Water Supply: Velan,Totality,Topology,"About this study
Keth-7, a planet where a new colony has recently settled, is planning its first long-term water supply. The team needs a reliable way to provide drinking water.

[Decision-RELEVANT] The plan: give each settlement its own well as its only source of water. Whether a settlement has enough water depends on its well's flow each day, so the flow has to hold up every single day.

[Decision-IRRELEVANT] The plan: pump all wells into one large reservoir that supplies the whole colony. It stores months of water and releases it steadily, so what matters is total flow over the year, not flow on any given day.","Keth-7 is also one of the few places where a drinkable liquid has been found underground; hydrologists have studied it for a decade. Current understanding of Keth-7 hydrology:

[Complexity-Simple] Keth-7 has a uniform, stable layer of rock beneath its surface, and the liquid that flows through it moves in simple ways. Its flow depends on a small number of environmental factors, all directly measurable, that don't interact in complicated ways — identical conditions reliably produce nearly identical flow.

[Complexity-Complex] Keth-7 has many tangled layers of rock beneath its surface, and the liquid that flows through them moves in intricate ways. Its flow depends on many factors — several not directly measurable, only inferable from indirect signals — that interact in complicated ways, so identical conditions can produce substantially different flow.","As part of the planning process, a team led by Dr. Saan, a hydrologist who studies an underground liquid called Velan, proposed that Velan could be used as the colony's main water source.

In the proposal submitted by Dr. Saan's team, they explained that:
""Velan is a liquid found in the rock beneath Keth-7's surface, and it is safe to drink after light processing. It is replenished by rain: rainwater slowly seeps down through the rock and refills the underground reserves. So when rainfall increases, more water seeps down, the reserves refill faster, and the flow at each well rises proportionally. More rain, more seepage, more flow.""

Following the proposal, a set of shallow pilot wells was dug by the engineering team and their flow is being monitored. During the first rainy season, engineers found that flow was not consistently higher after heavier rain. After several of the heaviest downpours, the wells produced less than they had after nearby moderate rains.

Regarding this, Dr. Saan replied:
""Even though heavier rain increases seepage and flow on average, an additional mechanism becomes significant after the heaviest downpours: rainwater running over the surface picks up fine silt, especially where the ground above the wells is loose. After ordinary rain, very little silt reaches the rock. During the very heaviest downpours, the unusually fast runoff washes large amounts of silt down into the rock — which in turn clogs the narrow channels feeding the wells enough to offset the extra seepage. This is why flow was unexpectedly low after those downpours.""",,
17,Water Supply: Velan,Totality,Variable_adding,"About this study
Keth-7, a planet where a new colony has recently settled, is planning its first long-term water supply. The team needs a reliable way to provide drinking water.

[Decision-RELEVANT] The plan: give each settlement its own well as its only source of water. Whether a settlement has enough water depends on its well's flow each day, so the flow has to hold up every single day.

[Decision-IRRELEVANT] The plan: pump all wells into one large reservoir that supplies the whole colony. It stores months of water and releases it steadily, so what matters is total flow over the year, not flow on any given day.","Keth-7 is also one of the few places where a drinkable liquid has been found underground; hydrologists have studied it for a decade. Current understanding of Keth-7 hydrology:

[Complexity-Simple] Keth-7 has a uniform, stable layer of rock beneath its surface, and the liquid that flows through it moves in simple ways. Its flow depends on a small number of environmental factors, all directly measurable, that don't interact in complicated ways — identical conditions reliably produce nearly identical flow.

[Complexity-Complex] Keth-7 has many tangled layers of rock beneath its surface, and the liquid that flows through them moves in intricate ways. Its flow depends on many factors — several not directly measurable, only inferable from indirect signals — that interact in complicated ways, so identical conditions can produce substantially different flow.","As part of the planning process, a team led by Dr. Saan, a hydrologist who studies an underground liquid called Velan, proposed that Velan could be used as the colony's main water source.

In the proposal submitted by Dr. Saan's team, they explained that:
""Velan is a liquid found in the rock beneath Keth-7's surface, and it is safe to drink after light processing. It is replenished by rain: rainwater slowly seeps down through the rock and refills the underground reserves. So when rainfall increases, more water seeps down, the reserves refill faster, and the flow at each well rises proportionally. More rain, more seepage, more flow.""

Following the proposal, a set of shallow pilot wells was dug by the engineering team and their flow is being monitored. During the first rainy season, engineers found that flow was not consistently higher after heavier rain. During several periods of normal or even above-average rainfall, the wells produced far less than they had in nearby periods with similar rain.

Regarding this, Dr. Saan replied:
""Even though heavier rain increases seepage and flow on average, an additional factor becomes significant from time to time: slow pressure cycles in the deep rock layers. When the deep rock enters a low-pressure phase, Velan drains downward into deeper formations, temporarily lowering the volume available to shallow wells. These pressure cycles are driven by slow geological processes that run on their own schedule, independent of rainfall, so they can strike even when rainfall alone would predict good flow. This is why flow was unexpectedly low during those periods.""",,
18,Water Supply: Velan,Reversibility,Topology,"About this study
Keth-7, a planet where a new colony has recently settled, is planning its first long-term water supply. The team needs a reliable way to provide drinking water.

[Decision-RELEVANT] The plan: build the colony's permanent pipelines and storage tanks around a single water source. Once built, the network cannot be moved without years of work, so the source chosen now has to work, with no second chance.

[Decision-IRRELEVANT] The plan: draw water through portable pumps while other water sources remain available. If this source underperforms, the colony can switch to a different one within a day at little cost, so any first choice can simply be corrected later.","Keth-7 is also one of the few places where a drinkable liquid has been found underground; hydrologists have studied it for a decade. Current understanding of Keth-7 hydrology:

[Complexity-Simple] Keth-7 has a uniform, stable layer of rock beneath its surface, and the liquid that flows through it moves in simple ways. Its flow depends on a small number of environmental factors, all directly measurable, that don't interact in complicated ways — identical conditions reliably produce nearly identical flow.

[Complexity-Complex] Keth-7 has many tangled layers of rock beneath its surface, and the liquid that flows through them moves in intricate ways. Its flow depends on many factors — several not directly measurable, only inferable from indirect signals — that interact in complicated ways, so identical conditions can produce substantially different flow.","As part of the planning process, a team led by Dr. Saan, a hydrologist who studies an underground liquid called Velan, proposed that Velan could be used as the colony's main water source.

In the proposal submitted by Dr. Saan's team, they explained that:
""Velan is a liquid found in the rock beneath Keth-7's surface, and it is safe to drink after light processing. It is replenished by rain: rainwater slowly seeps down through the rock and refills the underground reserves. So when rainfall increases, more water seeps down, the reserves refill faster, and the flow at each well rises proportionally. More rain, more seepage, more flow.""

Following the proposal, a set of shallow pilot wells was dug by the engineering team and their flow is being monitored. During the first rainy season, engineers found that flow was not consistently higher after heavier rain. After several of the heaviest downpours, the wells produced less than they had after nearby moderate rains.

Regarding this, Dr. Saan replied:
""Even though heavier rain increases seepage and flow on average, an additional mechanism becomes significant after the heaviest downpours: rainwater running over the surface picks up fine silt, especially where the ground above the wells is loose. After ordinary rain, very little silt reaches the rock. During the very heaviest downpours, the unusually fast runoff washes large amounts of silt down into the rock — which in turn clogs the narrow channels feeding the wells enough to offset the extra seepage. This is why flow was unexpectedly low after those downpours.""",,
19,Water Supply: Velan,Reversibility,Variable_adding,"About this study
Keth-7, a planet where a new colony has recently settled, is planning its first long-term water supply. The team needs a reliable way to provide drinking water.

[Decision-RELEVANT] The plan: build the colony's permanent pipelines and storage tanks around a single water source. Once built, the network cannot be moved without years of work, so the source chosen now has to work, with no second chance.

[Decision-IRRELEVANT] The plan: draw water through portable pumps while other water sources remain available. If this source underperforms, the colony can switch to a different one within a day at little cost, so any first choice can simply be corrected later.","Keth-7 is also one of the few places where a drinkable liquid has been found underground; hydrologists have studied it for a decade. Current understanding of Keth-7 hydrology:

[Complexity-Simple] Keth-7 has a uniform, stable layer of rock beneath its surface, and the liquid that flows through it moves in simple ways. Its flow depends on a small number of environmental factors, all directly measurable, that don't interact in complicated ways — identical conditions reliably produce nearly identical flow.

[Complexity-Complex] Keth-7 has many tangled layers of rock beneath its surface, and the liquid that flows through them moves in intricate ways. Its flow depends on many factors — several not directly measurable, only inferable from indirect signals — that interact in complicated ways, so identical conditions can produce substantially different flow.","As part of the planning process, a team led by Dr. Saan, a hydrologist who studies an underground liquid called Velan, proposed that Velan could be used as the colony's main water source.

In the proposal submitted by Dr. Saan's team, they explained that:
""Velan is a liquid found in the rock beneath Keth-7's surface, and it is safe to drink after light processing. It is replenished by rain: rainwater slowly seeps down through the rock and refills the underground reserves. So when rainfall increases, more water seeps down, the reserves refill faster, and the flow at each well rises proportionally. More rain, more seepage, more flow.""

Following the proposal, a set of shallow pilot wells was dug by the engineering team and their flow is being monitored. During the first rainy season, engineers found that flow was not consistently higher after heavier rain. During several periods of normal or even above-average rainfall, the wells produced far less than they had in nearby periods with similar rain.

Regarding this, Dr. Saan replied:
""Even though heavier rain increases seepage and flow on average, an additional factor becomes significant from time to time: slow pressure cycles in the deep rock layers. When the deep rock enters a low-pressure phase, Velan drains downward into deeper formations, temporarily lowering the volume available to shallow wells. These pressure cycles are driven by slow geological processes that run on their own schedule, independent of rainfall, so they can strike even when rainfall alone would predict good flow. This is why flow was unexpectedly low during those periods.""",,
20,Collective Resource Allocation: Velori,Totality,Topology,"About this study
A diplomatic mission to a water-covered world, home to an intelligent ocean-dwelling species called the Velori, is planning its first long-term exchange of resources with them. The team needs a reliable way to arrange the exchange.

[Decision-RELEVANT] The plan: make separate deals with individual Velori units, each deal covering what that unit holds. Whether a deal can be carried out depends on whether that particular unit really holds the resources, so every unit's holdings have to be predicted correctly.

[Decision-IRRELEVANT] The plan: sign one agreement with the Velori as a whole, drawing on the resources of all their units combined. What matters is the total the Velori can supply over the years, not which unit holds what at any given time.","The Velori are also one of the few alien societies that have been observed in detail; xenosociologists have studied them for a decade. Current understanding of Velori society:

[Complexity-Simple] Velori society follows a handful of uniform organizing rules, and the way its groups behave is socially simple. How they share resources depends on a small number of factors, all directly observable, that don't interact in complicated ways — identical conditions reliably produce nearly identical sharing patterns.

[Complexity-Complex] Velori society is shaped by many overlapping social and biological forces, and the way its groups behave is socially intricate. How they share resources depends on many factors — several not directly observable, only inferable from indirect signals — that interact in complicated ways, so identical conditions can produce substantially different sharing patterns.","As part of the planning process, a team led by Dr. Marsh, a xenosociologist who studies the Velori, proposed that the Velori's way of sharing resources could be used to tell which units to trade with.

In the proposal submitted by Dr. Marsh's team, they explained that:
""The Velori live in networks of deep-ocean structures, in groups made up of many small units. They share resources according to scarcity: when a resource is plentiful, it is spread evenly across units, and as it becomes scarcer, it is gathered into fewer hands. So when a resource grows scarce, fewer units hold it, and the units that control it become easy to identify. Scarcer resource, fewer holders, more concentration.""

Following the proposal, a pilot observation program was designed by the mission team and the Velori's resource sharing is being monitored. During the first round of observations, the team found that concentration did not consistently follow scarcity. For several of the scarcest resources, holdings were spread more evenly across units than for resources that were only moderately scarce.

Regarding this, Dr. Marsh replied:
""Even though scarcity increases concentration on average, an additional mechanism becomes significant for the scarcest resources: the Velori hold a redistribution ceremony whenever too few units control something the whole group needs, and this custom is strongest in long-established groups. For most resources, concentration never gets high enough to set it off. When a resource becomes extremely scarce, the unusually strong concentration triggers the ceremony — which in turn spreads the resource back out across units enough to offset the concentration. This is why concentration was unexpectedly low for those resources.""",,
21,Collective Resource Allocation: Velori,Totality,Variable_adding,"About this study
A diplomatic mission to a water-covered world, home to an intelligent ocean-dwelling species called the Velori, is planning its first long-term exchange of resources with them. The team needs a reliable way to arrange the exchange.

[Decision-RELEVANT] The plan: make separate deals with individual Velori units, each deal covering what that unit holds. Whether a deal can be carried out depends on whether that particular unit really holds the resources, so every unit's holdings have to be predicted correctly.

[Decision-IRRELEVANT] The plan: sign one agreement with the Velori as a whole, drawing on the resources of all their units combined. What matters is the total the Velori can supply over the years, not which unit holds what at any given time.","The Velori are also one of the few alien societies that have been observed in detail; xenosociologists have studied them for a decade. Current understanding of Velori society:

[Complexity-Simple] Velori society follows a handful of uniform organizing rules, and the way its groups behave is socially simple. How they share resources depends on a small number of factors, all directly observable, that don't interact in complicated ways — identical conditions reliably produce nearly identical sharing patterns.

[Complexity-Complex] Velori society is shaped by many overlapping social and biological forces, and the way its groups behave is socially intricate. How they share resources depends on many factors — several not directly observable, only inferable from indirect signals — that interact in complicated ways, so identical conditions can produce substantially different sharing patterns.","As part of the planning process, a team led by Dr. Marsh, a xenosociologist who studies the Velori, proposed that the Velori's way of sharing resources could be used to tell which units to trade with.

In the proposal submitted by Dr. Marsh's team, they explained that:
""The Velori live in networks of deep-ocean structures, in groups made up of many small units. They share resources according to scarcity: when a resource is plentiful, it is spread evenly across units, and as it becomes scarcer, it is gathered into fewer hands. So when a resource grows scarce, fewer units hold it, and the units that control it become easy to identify. Scarcer resource, fewer holders, more concentration.""

Following the proposal, a pilot observation program was designed by the mission team and the Velori's resource sharing is being monitored. During the first round of observations, the team found that concentration did not consistently follow scarcity. In several groups, a plentiful resource was held by just a few units, where even sharing had been predicted.

Regarding this, Dr. Marsh replied:
""Even though scarcity increases concentration on average, an additional factor becomes significant in some groups: kinship. In these groups, some units are much more closely related to the units that coordinate sharing than others, and those close kin receive a larger share whatever the resource's scarcity. Kinship ties do not show up in the behavior we use to gauge scarcity, so they can concentrate a resource even when scarcity alone would predict even sharing. This is why concentration was unexpectedly high in those groups.""",,
22,Collective Resource Allocation: Velori,Reversibility,Topology,"About this study
A diplomatic mission to a water-covered world, home to an intelligent ocean-dwelling species called the Velori, is planning its first long-term exchange of resources with them. The team needs a reliable way to arrange the exchange.

[Decision-RELEVANT] The plan: sign binding agreements with specific Velori units. Under Velori custom, such agreements can never be withdrawn or renegotiated, so the partners chosen now have to be the right ones, with no second chance.

[Decision-IRRELEVANT] The plan: open informal, non-binding talks with specific Velori units. If a partner turns out not to hold the resources, the team can switch to a different unit within a day at no diplomatic cost, so any first choice can simply be corrected later.","The Velori are also one of the few alien societies that have been observed in detail; xenosociologists have studied them for a decade. Current understanding of Velori society:

[Complexity-Simple] Velori society follows a handful of uniform organizing rules, and the way its groups behave is socially simple. How they share resources depends on a small number of factors, all directly observable, that don't interact in complicated ways — identical conditions reliably produce nearly identical sharing patterns.

[Complexity-Complex] Velori society is shaped by many overlapping social and biological forces, and the way its groups behave is socially intricate. How they share resources depends on many factors — several not directly observable, only inferable from indirect signals — that interact in complicated ways, so identical conditions can produce substantially different sharing patterns.","As part of the planning process, a team led by Dr. Marsh, a xenosociologist who studies the Velori, proposed that the Velori's way of sharing resources could be used to tell which units to trade with.

In the proposal submitted by Dr. Marsh's team, they explained that:
""The Velori live in networks of deep-ocean structures, in groups made up of many small units. They share resources according to scarcity: when a resource is plentiful, it is spread evenly across units, and as it becomes scarcer, it is gathered into fewer hands. So when a resource grows scarce, fewer units hold it, and the units that control it become easy to identify. Scarcer resource, fewer holders, more concentration.""

Following the proposal, a pilot observation program was designed by the mission team and the Velori's resource sharing is being monitored. During the first round of observations, the team found that concentration did not consistently follow scarcity. For several of the scarcest resources, holdings were spread more evenly across units than for resources that were only moderately scarce.

Regarding this, Dr. Marsh replied:
""Even though scarcity increases concentration on average, an additional mechanism becomes significant for the scarcest resources: the Velori hold a redistribution ceremony whenever too few units control something the whole group needs, and this custom is strongest in long-established groups. For most resources, concentration never gets high enough to set it off. When a resource becomes extremely scarce, the unusually strong concentration triggers the ceremony — which in turn spreads the resource back out across units enough to offset the concentration. This is why concentration was unexpectedly low for those resources.""",,
23,Collective Resource Allocation: Velori,Reversibility,Variable_adding,"About this study
A diplomatic mission to a water-covered world, home to an intelligent ocean-dwelling species called the Velori, is planning its first long-term exchange of resources with them. The team needs a reliable way to arrange the exchange.

[Decision-RELEVANT] The plan: sign binding agreements with specific Velori units. Under Velori custom, such agreements can never be withdrawn or renegotiated, so the partners chosen now have to be the right ones, with no second chance.

[Decision-IRRELEVANT] The plan: open informal, non-binding talks with specific Velori units. If a partner turns out not to hold the resources, the team can switch to a different unit within a day at no diplomatic cost, so any first choice can simply be corrected later.","The Velori are also one of the few alien societies that have been observed in detail; xenosociologists have studied them for a decade. Current understanding of Velori society:

[Complexity-Simple] Velori society follows a handful of uniform organizing rules, and the way its groups behave is socially simple. How they share resources depends on a small number of factors, all directly observable, that don't interact in complicated ways — identical conditions reliably produce nearly identical sharing patterns.

[Complexity-Complex] Velori society is shaped by many overlapping social and biological forces, and the way its groups behave is socially intricate. How they share resources depends on many factors — several not directly observable, only inferable from indirect signals — that interact in complicated ways, so identical conditions can produce substantially different sharing patterns.","As part of the planning process, a team led by Dr. Marsh, a xenosociologist who studies the Velori, proposed that the Velori's way of sharing resources could be used to tell which units to trade with.

In the proposal submitted by Dr. Marsh's team, they explained that:
""The Velori live in networks of deep-ocean structures, in groups made up of many small units. They share resources according to scarcity: when a resource is plentiful, it is spread evenly across units, and as it becomes scarcer, it is gathered into fewer hands. So when a resource grows scarce, fewer units hold it, and the units that control it become easy to identify. Scarcer resource, fewer holders, more concentration.""

Following the proposal, a pilot observation program was designed by the mission team and the Velori's resource sharing is being monitored. During the first round of observations, the team found that concentration did not consistently follow scarcity. In several groups, a plentiful resource was held by just a few units, where even sharing had been predicted.

Regarding this, Dr. Marsh replied:
""Even though scarcity increases concentration on average, an additional factor becomes significant in some groups: kinship. In these groups, some units are much more closely related to the units that coordinate sharing than others, and those close kin receive a larger share whatever the resource's scarcity. Kinship ties do not show up in the behavior we use to gauge scarcity, so they can concentrate a resource even when scarcity alone would predict even sharing. This is why concentration was unexpectedly high in those groups.""",,
